<?xml version="1.0" encoding="UTF-8"?>
<!DOCTYPE hibernate-configuration PUBLIC
	"-//Hibernate/Hibernate Configuration DTD 3.0//EN"
	"http://hibernate.sourceforge.net/hibernate-configuration-3.0.dtd">
	
	<hibernate-configuration>
	<session-factory>
		<property name="connection.user">root</property>
		<property name="connection.password">abc@123</property>
		<property name="connection.driver_class">com.mysql.jdbc.Driver</property>
		<property name="connection.url">jdbc:mysql://localhost:3306/hibernate_july</property>
		<property name="hbm2ddl.auto">update</property>
		<property name="show_sql">true</property>
		<mapping class="com.om.mvc.dto.login.LoginDTO"/>
		<mapping class="com.om.mvc.dto.registration.RegistrationDTO"/>
	</session-factory>
	</hibernate-configuration>